origin_ISO,destination_ISO,flow(tonne),Unit logistics costs ($/ton),distance(km),cost_per_ton_km
LSO,BRA,11742.004062961205,17321.16051061213,10625.32853124753,1.6301764655721604
ETH,PYF,12062.655823338979,36283.035430702126,22767.961638558852,1.5936005166687701
LSO,USA,125191.72701328194,29635.0858683027,18912.48621286047,1.566958755964664
LSO,JPN,17139.336623244817,25984.910499120917,17180.060650426123,1.5125040026256487
ETH,BHS,22543.388234069287,22812.063494764698,15532.796463666722,1.4686385383420912
ETH,MUS,23321.871061014972,8107.786027007667,6536.60046089237,1.240367386000643
MWI,JPN,80664.78675839554,18497.437424235868,16080.960406143398,1.150269446417473
ETH,CHL,39319.933799104736,18553.8600790814,17995.42431157914,1.0310320978173844
BFA,USA,980616.23922196,14086.98392686993,13720.33967035699,1.0267226807296237
UGA,ARG,33857.3399619577,14164.236294992246,13928.304158342038,1.0169390425401432
MWI,MDG,10169.73379204443,4740.615200982191,4671.102506923412,1.0148814319436896
LSO,IDN,13035.346398977628,14648.411081392851,14612.411780256174,1.0024636111873961
LSO,ZAF,26203.10186756581,1399.0906496043208,1412.9633958533864,0.9901818077596505
MWI,AUS,38567.35400470289,14162.686427457435,14741.646325341324,0.960726238772352
ETH,GMB,12410.319152459891,8361.388864621407,8719.944361475613,0.9588809879982388
SWZ,JPN,36063.571929562844,15615.365040506917,16411.733333760894,0.9514756743204111
UGA,KEN,78296.728586706,1277.6141829341398,1384.8852118433808,0.9225415738489577
RWA,USA,548278.0413645026,17860.869112213008,19836.704162851376,0.9003949933205861
UGA,CHL,19403.037623687454,14162.048821593531,15774.578832720903,0.8977766678763852
ZMB,MDG,27923.573635852576,4140.526775277023,4624.173797988412,0.8954089868071605
MWI,USA,609001.7266935258,17519.082088084855,19934.294881609138,0.8788413230631752
UGA,MDG,44497.8595910546,3424.012487722504,3934.9560265956648,0.8701526686906322
RWA,IDN,54851.76604595716,12916.135680578698,14855.640746104216,0.8694431900533042
ETH,SDN,247646.80918032682,1819.5165989393515,2096.296707877876,0.8679671117650541
SWZ,KEN,13995.714429636291,3538.8768767179226,4144.476744416711,0.8538778463373862
NER,NGA,115114.75879864217,1117.189359754479,1309.42076682152,0.8531935555492508
SSD,IDN,55635.92005428157,10955.377883743422,13409.861995882375,0.8169642526602716
NER,BRA,68153.61130267689,6778.999914773737,8312.862644819408,0.8154832101067402
BFA,BEN,15019.303505129936,1054.6741962654162,1293.338323718161,0.8154665928659565
LSO,ESP,14565.443187715551,11317.135857064703,13974.612262127835,0.8098354104417568
BWA,MWI,22427.91333881575,2246.7946831506792,2774.9623531293146,0.8096667259708865
RWA,MDG,10999.380374866965,5115.146185739279,6322.0912060670635,0.8090908560177799
BWA,MDG,27727.914016473806,2908.3918241037077,3596.923725134338,0.8085775641503449
BFA,BRA,92281.79904940847,6553.943168018394,8141.583636537541,0.8049961113960453
ETH,ERI,17323.365794918205,1110.1757668876824,1380.6039348365646,0.8041232817572004
BDI,BRA,12302.218073705662,10680.469699329846,13313.366114651568,0.8022366099866977
CAF,BRA,14537.973043609685,8001.335115760713,10089.524750929262,0.793033895379837
UGA,MOZ,30467.869546135797,3536.881297739369,4467.859885763852,0.7916276222110494
NER,IDN,63806.35321109709,13261.526642318167,16891.072320702544,0.7851204701825932
LSO,ITA,14506.964262686366,10359.821945335922,13427.782118723544,0.7715214511032544
ZMB,RWA,13679.75114726273,2806.360041869538,3661.9540213515806,0.7663558923751167
BWA,JPN,135698.73356045876,12811.862270819123,16774.354887416797,0.7637767506892251
MLI,IDN,70653.49597635583,13722.723337291996,18230.369771677415,0.752739714507137
MLI,SEN,12361.595096775874,1230.7563155431842,1650.0711281937722,0.7458807650858147
MWI,KEN,20700.513096276827,2602.8860046313434,3536.151768137325,0.7360787023014057
MWI,ARG,10541.994208692231,9257.085488672896,12626.0394949439,0.7331741273563969
MWI,BRA,57922.14748822933,9078.79320157636,12462.360174952479,0.7284970963865581
LSO,FRA,16864.21008462244,10246.931791755516,14108.805405582149,0.7262791921207814
MLI,NGA,123461.9254120059,2104.048380369415,2917.2606758466513,0.7212411279491763
BFA,GIN,11192.488197432642,1606.380871846571,2237.207077377511,0.7180295861255703
BFA,JPN,133211.89631409725,14199.833986619631,19872.30248227302,0.714554038178843
BFA,MDG,20058.10869432875,6998.829992866058,9810.800525573895,0.7133801135414128
ZMB,IDN,112137.35083447854,10217.69830386174,14373.700093158272,0.7108606856716911
RWA,BRA,51653.80724654352,9302.613021426676,13181.669476742016,0.7057234319097729
MWI,TZA,20688.76091889457,2176.286791093397,3139.599820530508,0.6931733072674411
MWI,PHL,17323.562919627217,9400.783008519207,13571.051316548794,0.6927085300352315
BWA,MOZ,22181.029973047334,866.8216274431361,1251.917165086694,0.692395352996945
SWZ,IDN,30760.968874052498,9664.679907051363,13960.781832536411,0.6922735433432006
NER,SEN,11298.429171137574,2147.321511912598,3118.980066441491,0.6884691361181162
ETH,IDN,460123.36417694425,8085.719068743485,11800.002703414335,0.6852302725662833
ZMB,MOZ,18264.471151853017,1591.7749195843348,2329.9333458340216,0.6831847453621228
TCD,IDN,92673.45910056331,10872.270941276503,15929.47365420616,0.6825254353840933
TCD,BEN,15054.018058090183,1520.5549815466825,2230.8640043637834,0.6815991376311292
ETH,MDG,111148.29920494765,4094.98426640418,6024.5674476039,0.679714237083169
TCD,BRA,74528.56508941558,6653.5859046082605,9811.482700444634,0.6781427545407317
LSO,GBR,17984.41474595148,9863.043716391696,14602.268674975245,0.6754459828077651
LSO,NGA,26327.59119278298,5470.600045600976,8128.1102819938005,0.673046975964388
ETH,EGY,87914.99500990313,2321.0404750917514,3450.2796102423804,0.672710834276037
NER,ARG,12402.42749081905,7234.3285449554405,10803.192160934792,0.6696473076833116
MLI,GHA,15000.352098679334,1564.4042669668836,2339.0739441560295,0.6688135152270026
RWA,KOR,26370.499253948154,11169.711776714044,16747.657589406954,0.6669417330205621
UGA,GNQ,12704.8114212543,4169.365198042546,6258.178200336085,0.6662266660637175
TCD,NGA,178494.90735390768,1276.1637715770214,1915.5771141533014,0.6662032878488918
BFA,NGA,196295.00020442202,1117.291196911299,1681.949907400802,0.6642832774002781
ETH,ECU,13963.879025346538,11599.053730269834,17782.579400008017,0.6522705997457604
TCD,JPN,116920.0181143584,12556.694136253775,19271.906074399154,0.6515543448467777
NER,MDG,11377.80984746553,6355.371790466187,9759.733862195764,0.6511828990628176
SSD,ARG,10076.742568091635,11058.400439111696,16985.37576641032,0.6510542122347625
ETH,PHL,172839.930386626,7486.568169211855,11514.319142599226,0.6501963404430918
SWZ,TZA,14091.745445474458,2275.755798117652,3500.30497225374,0.6501592907352761
ETH,LBR,18311.13497250999,5534.448004612804,8525.00553612993,0.6492016903868499
ZMB,KEN,44581.384882442224,2008.75123756073,3102.5664496757126,0.6474482561914796
MWI,IDN,55593.778550670184,9117.899476195558,14148.898926054542,0.6444246668131446
ETH,LSO,11225.407023862626,4413.833994188807,6852.550299020802,0.6441155192716387
TCD,EGY,19997.772618832965,4076.7204932170266,6338.1562509825935,0.6432029018825498
LSO,CHN,210961.38993738408,11320.575631582557,17633.920742687125,0.6419772322203079
ZMB,LKA,10618.017881117325,7291.1728620072745,11363.143439976173,0.641651044935024
LSO,HKG,23041.61260969072,11198.250413407033,17490.09317300146,0.6402624790297393
BDI,JPN,15919.280191278012,10002.47749711081,15655.845354460265,0.6388973109178777
BFA,COL,11387.129292391286,7742.853365886907,12144.927540702076,0.6375380454051937
UGA,TZA,76347.93181633075,1015.5450468305795,1596.7374792175399,0.6360125318334946
MLI,BRA,71504.24288997301,4736.904349061205,7458.053392079544,0.6351395062539776
BFA,SEN,19756.32576428294,1743.7451587086398,2748.193355900938,0.634505994625327
ZWE,BRA,24274.021785003162,7725.318805628249,12175.782334967145,0.6344823349414035
ZMB,PHL,43167.921403893415,8812.320891773727,13961.757757113794,0.6311756044674012
ETH,ZMB,64262.547510231765,3194.759173567843,5086.860595497427,0.6280414242913684
UGA,BWA,15707.418401196446,2925.070838411652,4657.62867447722,0.6280171827437419
MLI,ARG,13124.064940674563,6477.290364004148,10313.970171174928,0.6280113531941968
ZWE,IDN,18488.63401677246,8883.301468576115,14157.120360212126,0.6274794055959422
UGA,LKA,20398.283685397113,6012.976801060121,9601.87753326146,0.6262292744550033
SWZ,BRA,23166.97647357553,6932.633705097879,11082.522308177327,0.625546559918276
BWA,AUS,59191.538878631494,8455.095033143481,13553.722891391571,0.6238208572578682
ZMB,MWI,20084.005979355996,1368.0440737690026,2201.924194097394,0.6212948099831326
UGA,JPN,272005.48233027797,9402.148922757842,15238.791148979204,0.6169878457444219
RWA,JPN,74286.36617246192,10745.212184412221,17476.898895590715,0.6148237309493823
MLI,MDG,16127.816574144912,6564.1252271619105,10698.791649966319,0.6135389342947505
ETH,MWI,81117.29813577131,3394.699264153673,5534.134291425291,0.6134110748655837
LSO,DEU,24019.114893247654,8567.29370025086,13999.145531715636,0.6119869016892
LSO,IND,153456.34619714474,8473.631201747827,13867.007761893301,0.6110641421167632
ETH,ISR,57973.59852720497,2273.3363653835545,3738.1889154724545,0.6081384372989177
TCD,GHA,22642.38957525209,1539.775008903647,2532.3055680162315,0.6080526095868765
CAF,NGA,24037.147480854124,1597.6463188845746,2635.518273630394,0.6061981564953585
ETH,COL,47643.074998991375,10065.346298624301,16634.715998316202,0.6050807419641631
ETH,GNQ,30860.672444298874,4584.113273134754,7603.867924445054,0.6028659780370018
BWA,ARG,15773.786520641746,6818.098612089218,11325.127157764648,0.6020328528863047
ZMB,NZL,10060.702697326353,10757.550704940275,17937.623791144142,0.5997199422953284
BFA,ARG,16806.83298194593,6433.6636655982975,10745.561771962923,0.5987275306894487
ETH,KWT,17231.211860508418,2902.3270805673687,4887.002544719845,0.5938869591347326
BWA,BRA,86466.04132981067,6788.331426675679,11445.143861833229,0.5931189252511813
BDI,FRA,12967.723038695938,7260.134008099867,12262.368577471472,0.5920662033791944
ZMB,JPN,139353.3373943334,9649.662401176234,16471.6668467084,0.5858339954893251
ZMB,TZA,44818.860436360446,1474.9029170380982,2523.448400202645,0.5844791266267447
ETH,DOM,9978.652195878389,8684.914722761248,14876.195395952825,0.583812896483199
SSD,KEN,21464.506120940143,1893.0687648381656,3243.504482525414,0.5836491902623208
ZMB,COL,11315.346490938062,9890.175389820084,16950.295941759454,0.5834809860430954
MLI,MEX,23520.023158668064,7386.921261657222,12687.613616420937,0.5822151812770137
UGA,MWI,32524.927389420423,2341.2570151781606,4028.5411807050145,0.5811674524743047
UGA,IND,2405653.9515433866,5888.105032158179,10182.546450369602,0.5782546694834331
TCD,CIV,21340.36667017156,1953.0639465324612,3389.2516896004854,0.5762522602039869
ETH,KEN,180233.41797927028,1631.501487471876,2832.3085644162843,0.5760323956115689
UGA,SOM,11959.793307641079,1268.5297136741062,2210.1476452000234,0.5739570007592418
TCD,RWA,11147.930793451815,3426.6236779499736,5983.9679191889545,0.5726340321714836
SSD,PHL,17806.54808892969,7569.766810982054,13238.084248309277,0.5718173920783771
SWZ,ETH,21151.047005483186,3585.4743256972847,6278.958831804676,0.5710300738931203
ZWE,JPN,31806.495674615515,9314.800945287676,16330.885508481397,0.5703794163794769
BWA,ZAF,200728.78434523605,961.6660765824832,1695.4762879127393,0.5671952379625241
UGA,ZMB,24049.11207296329,2009.5561044662156,3551.712776870825,0.5657991596484613
RWA,BEL,17972.649451574427,6608.8428400686935,11709.730665966194,0.5643889708989634
ETH,IRL,70556.22929836107,4991.5786903435,8844.673154175502,0.5643598811774084
ETH,BWA,37879.11071580608,3495.4309591369483,6212.889182320498,0.5626095776959302
UGA,IDN,200699.83600906172,7341.045368356355,13051.816047720788,0.562453940625244
ETH,LKA,43810.47866753235,4386.1287818968885,7813.606061417118,0.5613450111793064
TCD,ARG,13838.538036238002,6760.0629419734605,12050.000788426682,0.5610010373166203
ZWE,ZAF,50404.81882281013,1454.6162174000783,2597.771626212397,0.559947688519848
RWA,AUS,34642.555379521946,9308.809914403393,16690.117340194978,0.557743826760576
SSD,TZA,21482.931087327932,1929.3623034375203,3460.2195897320726,0.5575837756548023
SWZ,ZAF,53540.35229629792,909.5064021197938,1631.7374591044006,0.5573852564609185
NER,CMR,14288.262507488806,1356.7675613026258,2437.467774448515,0.556629948311665
MWI,ITA,63763.574610718235,6670.523247862169,12015.524963084737,0.5551587024583611
CAF,IDN,14015.802638698358,9352.665562478525,16850.011687760893,0.5550539510469237
ETH,JPN,580019.4708478925,7621.5260489904185,13732.707449037278,0.5549907822091353
NER,MEX,21844.72349922175,7882.880523002823,14209.223448092953,0.5547720853148241
MWI,FRA,74234.1487411301,7504.4709646290685,13565.745344780977,0.5531926756620265
TCD,AUS,51178.52632819303,10347.70256944636,18793.299671518213,0.5506059473488096
MLI,EGY,13439.149640687037,4245.27687267452,7715.509186031838,0.5502264037686808
UGA,PHL,72826.00464510603,7045.279027412457,12819.436096734598,0.5495779201401105
NER,JPN,94196.93241207825,10769.952241693778,19606.26129322822,0.5493118795378698
ZMB,ARG,16516.710446160923,6882.412026003908,12579.1107860089,0.5471302497517442
RWA,PHL,18079.723684158533,8280.106183587417,15136.151266896108,0.5470417173813945
TCD,MDG,26698.89348331401,5097.293943519434,9325.244265766698,0.5466123779976232
SSD,MEX,17931.040266235992,10551.745747603361,19315.67017054243,0.5462790394762184
RWA,KEN,21996.74947256149,1563.0035165568922,2878.7117709113295,0.5429524179359171
ZMB,UGA,41931.74268247062,1925.9062082299356,3551.712776870825,0.5422471717791104
UGA,EGY,38129.22520739517,3130.3937262751488,5773.318996710322,0.542217349856966
RWA,GBR,76379.39626115668,6627.543666733895,12242.717221841587,0.5413458096467378
ETH,PNG,10887.180214170838,7927.842028454448,14748.538000607246,0.5375340951169555
ZMB,BRA,89535.74218539112,6563.030368474342,12212.91674161748,0.537384353576223
RWA,NLD,30988.13302283512,6315.293934574181,11771.455264686274,0.536492200205672
NER,RUS,12584.50366199284,6122.155607549555,11424.990830666062,0.5358565007436983
SSD,AUS,36973.89069009088,8527.26376177021,15938.152020354906,0.5350221124054962
BWA,IDN,117273.96630410239,7564.599637939022,14225.055970500118,0.5317799559893801
BWA,COL,10705.277824058627,8444.89865680316,15976.787555015204,0.528573008042049
MWI,CHN,1005112.9877604638,8851.13499403306,16746.474493782527,0.5285372152400928
RWA,SGP,11408.519113991119,8327.81886797091,15786.831285984215,0.5275168092386261
TCD,MEX,25822.531823685273,8378.329499707446,15889.177016984846,0.5272978890443082
NER,KOR,31766.41917700922,9560.894061542413,18153.12717952392,0.5266802775626869
SSD,MDG,10636.828871502934,3684.3704139893257,7021.657934763952,0.5247151667340776
BFA,MEX,30210.729528319247,7350.207408225923,14016.025620941085,0.5244145242745643
RWA,COD,18690.396025569837,2365.7421547427916,4519.216260768853,0.523485050998712
RWA,TZA,22048.58898618951,1560.8176014742476,2984.9436593474225,0.5228968381317718
BDI,USA,126672.83090720703,10291.06134826165,19683.69437739226,0.5228216386087291
SSD,JPN,78203.02967006936,8060.959789572131,15456.27919458066,0.5215330085651206
ETH,IND,5062590.0523483325,4350.864722581727,8345.820589685722,0.5213225800658587
MWI,MEX,18633.282131251715,10546.237022033447,20236.174309927766,0.5211576486994143
RWA,AUT,14973.599161160017,5450.442207639398,10459.485414201748,0.5211004166838705
NER,CIV,13221.706344643007,884.8529112966943,1701.7027128410718,0.5199809018458877
SWZ,COD,12360.848376010203,2431.701829482855,4692.066581835331,0.5182581677116098
TCD,MOZ,18542.410109487475,3991.919913768537,7706.806420938551,0.5179732947389111
TCD,PAK,45278.24596452137,5692.550675491995,11054.342212277807,0.5149605979421741
ZMB,ZAF,193061.18067153596,1604.9837007960627,3124.0775409717407,0.5137464354667824
SWZ,PHL,11181.380148809048,6738.984673613834,13146.406329999621,0.5126104050378936
UGA,PAK,101351.40981364442,4580.314373818898,8947.78075392027,0.5118938985862094
RWA,MEX,16879.16640501571,10529.074237296833,20575.007156539417,0.5117409756987785
RWA,CHN,917864.294102474,7996.319728661047,15628.380503276168,0.511653765211615
MWI,RUS,11061.608032040785,7115.361199652868,13966.303214614476,0.5094663269380608
SSD,BRA,55351.08801904184,7846.545399732666,15407.103143768045,0.5092810326843618
ETH,TZA,181293.0891771771,1554.6444706016791,3058.4472633475684,0.5083116813006843
ETH,NER,101913.09919571236,3715.7210219730177,7338.977599974109,0.5062995453189728
BFA,TCD,10749.21244092484,1460.655510521396,2885.609132185429,0.5061861962625416
MWI,DEU,105791.65621964137,7008.981962198026,13863.744457970304,0.5055619701767182
BFA,IDN,99107.8614803141,8761.196871041704,17337.295794032667,0.505338143567766
MLI,UKR,10641.775501935863,5022.554518061743,9957.60890729649,0.50439363152548
ETH,SWZ,13893.942089472606,3157.3005969042365,6278.958831804675,0.5028382382301393
SWZ,ITA,33137.307669265116,6487.110392310614,12952.761318453026,0.5008283741837206
UGA,ETH,110824.44546974791,1528.610285173115,3053.6992635590855,0.5005765641085168
NER,KEN,23279.190096475693,3697.687538388613,7394.9228405458825,0.5000305774814082
NER,CHN,1176097.151111835,8573.048969433192,17166.67777189163,0.4994005877753777
UGA,COL,23117.134863461124,9047.790938135735,18142.115937392595,0.4987175128501628
BFA,PHL,32855.28575854002,9160.177270116317,18440.588676895084,0.4967399593698141
UGA,VEN,18501.003551243037,8538.815305153243,17197.733658070967,0.49650817223500504
TCD,NER,20559.244236281862,1147.6163781881464,2312.8208954030006,0.4961976867595614
MLI,AUS,48015.34043673448,10028.169217282966,20214.215210876166,0.4960949071071211
RWA,DEU,102030.19306351375,5831.723383264667,11777.03814247781,0.4951774217517913
ETH,VEN,38067.02256286437,7679.523131723747,15546.007622104993,0.49398683690365436
BFA,NER,20261.624506900633,500.43087416806424,1016.0433242463139,0.49252907058788714
UGA,ISR,23658.937063691832,3031.55675222686,6158.506755154145,0.49225516391448393
BWA,USA,942803.2195677395,9668.92848114815,19644.45305881869,0.49219636974355074
ZMB,FRA,150898.81006267597,6449.967620191165,13152.651290203976,0.4903929616833274
ZMB,AUS,61216.25800668388,7155.701731632495,14694.717616406324,0.4869574168368716
BWA,PHL,42961.75371619465,6570.916857245919,13509.027883655523,0.486409304491556
BFA,GHA,24823.497306196274,646.5805094003168,1330.1190950726032,0.4861072303943008
UGA,NZL,19762.33312521934,8714.93944679691,17969.84589665139,0.4849757475338676
NER,CAN,29887.121860589265,6673.691355156914,13779.282970918503,0.4843279123624861
ETH,KAZ,30037.6458083544,4738.591188252174,9811.4092364167,0.482967438628907
BWA,MEX,29521.20829271508,9383.69741787925,19429.830095498517,0.4829531381261669
BWA,BDI,10698.531801076302,2028.9725770526113,4202.463982750917,0.4828054649321357
ETH,MEX,129699.70342297658,8635.239248005157,17908.203637062383,0.48219460885143584
ETH,DZA,59696.55948048857,3266.9401163516086,6785.25080971282,0.4814766923096066
RWA,SDN,29637.152690972103,2684.51999080347,5576.983632813065,0.4813569785302349
ETH,ITA,504956.94399076235,3487.5566168445866,7245.793175578677,0.4813215796165831
RWA,CMR,13431.413861717554,2646.9015658286135,5506.366308985696,0.48069841657813495
RWA,RUS,11278.727365008499,5877.162260137493,12230.354544958853,0.4805389932510142
MLI,JPN,102294.79660237303,9888.47298190415,20624.268470952662,0.4794581197307013
NER,USA,714997.1796534039,6635.154716937248,13852.122933158858,0.47899912157537844
BWA,KEN,53888.871177015564,1963.5940522712588,4100.513280590033,0.47886542925394754
TCD,BFA,19535.125212092564,1381.2587041979643,2885.6091321854287,0.4786714488777148
RWA,NGA,107893.3903428579,3069.101253872021,6414.369700416783,0.47847277241793557
TCD,ITA,106254.79839223802,4209.948765466205,8802.294412280657,0.4782785678689218
ZMB,MEX,30960.6772320537,9555.222639046586,19986.730876592766,0.4780783159609697
ZWE,AUS,15949.16509498082,6829.880627980629,14307.539467679324,0.4773623475517438
ZMB,BFA,23971.139528122236,4076.6153429241854,8545.121383652455,0.4770693311300525
MLI,FIN,11751.098183061058,5204.812049251905,10914.30858610532,0.47687968579869505
MLI,NER,13095.22002525673,1051.0738913922005,2210.368385404955,0.4755197813778161
ETH,PER,30076.23705762466,8624.159920028773,18148.11591595994,0.47520965592050546
RWA,POL,33532.46960560529,5613.175863822931,11825.193211943737,0.47467942072637637
UGA,PER,14591.923217032345,8213.175136227816,17349.133855839198,0.47340548551151485
BWA,ZMB,17400.912387855795,1099.0514306605385,2321.606958588276,0.47340116146483735
MLI,IRL,11441.340337811118,3934.807188574581,8312.169862804018,0.4733790638930973
MWI,ZAF,126076.69077831299,1645.1927667229654,3475.998552106529,0.47330076294938145
MLI,PHL,24167.01942596159,9197.117266990452,19436.005294287508,0.4731999774507986
RWA,CZE,12557.435778221905,5623.869740247083,11908.022187596542,0.472275718977492
ETH,UKR,65318.72364500474,3233.7817937369523,6858.571843162502,0.4714949216374832
ETH,FIN,66674.87230239369,4448.643185072683,9436.132310865403,0.4714477328757052
UGA,DZA,25223.615969643284,4152.907365189594,8812.97546378214,0.4712264753551634
NER,EGY,10279.475512632654,3306.7194012556915,7019.3699597303485,0.471084929306493
SSD,CAN,25320.09857472727,8542.788780862093,18148.822365932603,0.4707076089354357
MLI,CAN,36892.48266519683,5895.595253941415,12530.994182466482,0.47048104628367016
BWA,UGA,50503.27509493244,2191.208666307951,4657.62867447722,0.47045585199079787
RWA,EGY,10062.302600556446,3282.9021944853566,7007.6207714692455,0.46847600655722277
ETH,HKG,771073.118093767,5933.317016569388,12713.140014889688,0.46670743888765953
ETH,RWA,55312.653433418345,2003.5121026042739,4309.705686775482,0.46488374107590164
UGA,ZWE,24778.49981413337,1814.6447357091545,3905.5771478237193,0.4646290847744021
RWA,PRT,11788.724685361423,5543.535292093795,11935.0468987657,0.46447536730392713
MWI,UGA,18736.477230285203,1866.5189912348003,4028.5411807050136,0.4633237957637436
NER,PHL,19581.73179631699,8360.490862977504,18117.064983016953,0.4614704904362091
UGA,FRA,271808.0933068537,5011.1180526814605,10866.879895603211,0.4611367845069293
ZWE,ITA,22748.19853129378,5573.396970546545,12116.599914116036,0.45998027582419776
ETH,AGO,21008.983335845853,3476.5738906572524,7559.900212788052,0.4598703412482094
ETH,AZE,13221.313378401685,2767.221971140749,6028.024328935625,0.45905952267935857
RWA,CAN,24433.569821160887,8908.228799471686,19461.25817249273,0.457741669141562
UGA,HKG,369168.51892243366,6565.679185949793,14369.970656561785,0.45690275525731117
TCD,MLI,19570.92023007301,1884.9050723663458,4128.011724099663,0.4566133040180383
RWA,CIV,12509.882245355708,3458.010480281393,7576.745709052553,0.45639785378435327
ETH,USA,4274315.296092114,7804.998271154375,17108.458748636196,0.45620697842092595
SSD,ETH,32033.180480623516,1192.0934686578057,2614.197906566666,0.45600735340784937
UGA,BRA,183901.84782122725,6001.616114992471,13167.158908517284,0.45580190507993923
MWI,SWE,17359.436639182553,6830.1299347438535,15028.45552879644,0.4544798313876268
TCD,ISR,11660.469849087704,3051.6746341440826,6718.414540351417,0.4542254152100088
TCD,SDN,53169.97516130692,2618.4253548386564,5778.898134005925,0.45310114387213934
NER,MLI,10422.79494908029,1001.2282458384277,2210.368385404955,0.4529689496327987
ETH,NZL,41942.6876948552,8335.791428709985,18422.502773154596,0.4524787718233898
UGA,CMR,50872.36540251181,2593.75317130257,5739.6221892349895,0.4519031193668656
SSD,USA,584435.3993955507,8370.143266040053,18531.598605735846,0.4516687115945492
MWI,HKG,110057.76250004907,7556.371921071038,16743.850722409912,0.45129236078040375
TCD,KEN,43253.888322203544,2827.8733248758926,6271.104325808442,0.4509370563710621
ZMB,IND,1221737.115244105,5564.675427537489,12358.772124507184,0.4502611886906511
CAF,JPN,20679.258505436217,9178.5538573395,20389.374873713783,0.45016357363523674
SWZ,UGA,13097.346162087333,2074.1453033376283,4616.4396316094,0.44929544602634225
ZWE,CAN,10108.25297112053,8866.548114542758,19785.2844694847,0.44813852073837196
TCD,POL,54178.783075554056,4188.502586486138,9357.644561743795,0.44760223140016464
UGA,NAM,11613.733353281164,2701.4910079814263,6052.190813231337,0.4463658022935116
RWA,IND,667755.3855240304,5067.535571257397,11363.710567672757,0.44594021830100244
RWA,NER,11106.139367935299,3101.6133170429403,6959.906073452896,0.4456401112758396
TCD,DZA,12495.265374649043,2633.8511140165174,5910.553125127365,0.4456183809294094
BFA,ISR,11783.118950966016,3567.8178591725077,8007.604552933344,0.4455537028068582
MWI,NLD,33298.9265063625,6230.548496960014,13987.274504785099,0.44544407095381733
MWI,PAK,28739.37134685155,5191.842567389801,11658.698264011351,0.44531923288693714
RWA,ETH,32931.10242582368,1915.9655511421545,4309.705686775482,0.44456992899106257
BFA,CAN,43957.064081172684,6117.086722847719,13816.808807726633,0.44272789816899855
ETH,ROU,10820.018520940474,2841.273032528661,6429.30314803014,0.4419255037615068
BWA,TZA,54276.41171723347,1531.8432585410674,3471.0637084507157,0.44131810511331543
BWA,RWA,15237.713363669227,2321.300848277555,5267.780221583053,0.44066015487259
RWA,SWE,16153.974572265213,5710.000114030858,12972.306657297611,0.44016844998176785
RWA,FRA,71624.49615747039,5075.402751240123,11542.636389852389,0.439709142679234
BWA,LKA,10544.737093784926,5284.62896991836,12050.596991650562,0.43853669437123277
BFA,PAK,48915.032190063095,5652.187236523383,12921.810795720212,0.43741448670610655
MLI,CMR,15724.332659317744,1784.123424862057,4082.1870692563475,0.4370508736110104
ETH,MAR,34500.4639286457,3379.0230166585325,7734.420319593465,0.4368812240651721
ETH,ARG,69769.60056369058,7050.90331721493,16149.149637200273,0.4366114300515778
MWI,NGA,102178.16983729627,3642.5183079140193,8366.429311830028,0.4353731050788349
ETH,BRA,378841.0045922454,6192.224027576181,14233.011561113995,0.43506070384246387
UGA,NER,40821.197632762276,3087.7014093481107,7105.895305511244,0.4345267241628691
UGA,MEX,61791.150303378585,8850.370651894935,20403.723592135906,0.4337625243710949
UGA,AUS,124201.22593017701,6289.543754118182,14501.566405755242,0.4337147848815869
MWI,CAN,25775.352592157706,8643.702934527368,19935.041200576703,0.43359343216593466
ETH,SOM,30161.74039156367,1152.009332639758,2657.070690518461,0.43356367474550406
ETH,MOZ,79149.91231390138,2589.1823607366764,5973.845206734127,0.4334197273504799
SSD,SDN,28918.734430144526,1365.9990829535675,3153.923691009294,0.43311101243430244
SWZ,CAN,12649.195544501063,8482.527265028393,19614.666943900786,0.4324583888826137
MWI,AUT,16087.003453721163,5370.309163124299,12421.497213175571,0.43233992416211897
BDI,CHN,202370.43531226364,6870.23087502531,15891.633031007814,0.4323174881788479
ZMB,EGY,25224.38919015704,3516.141499611933,8155.56370254021,0.4311340856201959
RWA,MYS,16765.330387776372,6748.5055596412185,15656.06789771961,0.4310472849076092
ZMB,NER,25238.755108385878,3490.1217094799526,8108.386253564796,0.4304335783147411
BFA,IND,1196238.554869193,6072.249359628328,14143.728821609211,0.42932450389963395
NER,GHA,14401.799475766293,601.27011260749,1402.974878078053,0.4285679822230138
MLI,KEN,31409.865484591155,3741.985769941771,8732.882606962425,0.42849376756289104
BFA,IRL,14994.211561410166,3708.836773053133,8672.519658229548,0.42765389058919395
MWI,IND,731440.1885304839,5467.7841190881945,12791.964086473505,0.42743898295258237
BWA,DZA,15137.282032095176,5243.5881471562425,12281.121517847727,0.4269632980616565
SWZ,USA,251957.7592706918,8190.59658064037,19294.008356750783,0.4245150322936686
SWZ,PAK,14025.416427113892,5232.494442280738,12331.006282724073,0.42433636982340545
MLI,RUS,17590.69204774932,5116.805203766615,12062.503211999732,0.4241909920219906
BWA,IND,1192459.583060103,5663.719771649288,13376.115655165353,0.4234203648995942
SSD,RUS,11243.566993947315,4297.176816696464,10159.128795566061,0.4229867445495879
UGA,SGP,44761.68478040888,6132.5245239478445,14506.748061329445,0.42273599141735146
UGA,THA,89646.10711134896,5838.286710983311,13814.760783995827,0.42261221907996194
BDI,ZAF,25783.596604001606,2060.0433421671855,4880.556488728133,0.422091896062457
BFA,RWA,11074.360306917206,3121.221486915853,7396.641203540558,0.4219782197116462
MLI,COD,28699.727746227727,3198.0678417440386,7591.474402663291,0.42127097742990105
TCD,FRA,132151.5458507483,3865.237107755917,9176.15816450585,0.42122607723861805
BFA,LKA,10072.436108388782,5931.903077851364,14099.994640209065,0.42070250586729374
SSD,TWN,44267.328028442775,5838.002269605214,13883.643156282933,0.4204949813164329
MLI,THA,30534.6914966843,7690.355586607752,18315.190075046445,0.4198894772643112
UGA,SDN,106129.35516537525,1823.2895598369225,4343.540331484343,0.4197703763956623
BFA,AUS,61942.974972784126,8095.1289306897825,19326.22408648374,0.41886759123067946
BFA,DZA,10801.560283186973,2011.1534067691045,4806.297815763539,0.4184412793091991
ZMB,CHE,34224.34874942466,5196.478079259358,12447.01753431197,0.4174878090220833
NER,ETH,34575.36536332737,3062.569992199301,7338.977599974109,0.41730199479149593
ZMB,ETH,74185.93435316617,2122.6770125153316,5086.860595497427,0.41728625596584923
SSD,AUT,15671.547688815439,3511.272530322902,8418.551762267978,0.4170874788773594
MLI,PAK,37763.53940490248,5500.013044134632,13196.984948721896,0.4167628489011271
BFA,KEN,40044.270802100815,3266.757051656783,7857.4973309283105,0.41575032279022583
BWA,IRN,28397.001753078388,4487.332896130336,10802.928371511756,0.4153811579426756
MLI,TZA,29889.09150259952,3688.8946750117298,8912.234203194083,0.4139135699205095
RWA,BFA,10651.044595535328,3054.8584227631977,7396.6412035405565,0.41300616573113297
BFA,FIN,15336.48573239268,4522.064483604375,10970.776481663004,0.4121918344761408
ZMB,AUT,29416.499921832718,4927.70941865174,11988.330117997712,0.41104218603839754
ETH,TUN,20718.352366663854,2380.6331024062397,5794.851418483319,0.4108186613401246
NER,PAK,33338.747807329506,5059.63314469866,12338.615306236037,0.41006490753800223
BWA,SVK,10437.913516896326,5427.390941404645,13236.263787306849,0.41003949669009604
ZMB,UKR,16673.71370872848,4749.546276615865,11605.682708863367,0.40924316093775276
ETH,NLD,240589.90881236905,3615.1545003909378,8843.430013370658,0.4087955120270158
MWI,GBR,79155.52089645994,5919.090483743307,14496.62440123208,0.4083081909220355
UGA,NLD,113653.44999563685,4553.047015993427,11151.906652314847,0.40827520871046136
BFA,CMR,24441.80993216973,1180.9699925536581,2893.497223842112,0.4081462331543262
BDI,IND,147368.09005152527,4744.980344812566,11626.704596830634,0.4081105101875571
RWA,MLI,10099.411337174864,3372.0227151175814,8273.776774349672,0.40755543775020764
BFA,CIV,22776.054686252737,553.3185122044322,1360.5041876882437,0.4067010724491969
NER,IND,855927.2695202841,5514.114800425126,13560.533332125038,0.4066296409863271
MWI,ETH,30800.203395642246,2248.856968733122,5534.134291425291,0.4063611127430627
UGA,FIN,31448.05252223367,4791.498725081583,11798.998320272096,0.4060936865165251
RWA,ESP,62818.96831884661,4687.38871852703,11591.211199438714,0.4043916237807839
MWI,KOR,27480.3899116131,7214.782755773437,17880.49623514198,0.40350014120937217
UGA,UKR,29602.817090210927,3731.585056900142,9249.86370288705,0.4034205450762962
CAF,DEU,28031.728249247797,3968.21263597088,9851.9129466034,0.40278600282790594
NER,TZA,23246.367136381945,3058.463040494632,7596.861198602542,0.40259561949838474
ETH,UZB,14382.083888322139,2958.9982231788076,7351.29605930719,0.40251381515678925
BWA,AUT,28093.652977067006,5273.628666936931,13103.953728320783,0.4024456111699598
TCD,UKR,13715.036506974457,3687.3214283105617,9177.268094540104,0.4017885704466109
BFA,UKR,14055.069130426593,3992.5067946016734,9938.219318782747,0.4017326108970076
ETH,PAK,220076.66587538092,2836.0763897583684,7062.19062433781,0.40158593000656856
CAF,IND,185457.57576861064,5308.015819372585,13218.43649046758,0.4015615480091339
UGA,RUS,49916.32993862639,4511.021962124681,11235.112207852242,0.4015110733804615
BWA,EGY,25749.023240702423,3718.785214482228,9271.187312863278,0.40111207863556075
BFA,MLI,18420.08293047443,737.636979573423,1839.5816748644022,0.4009808260499198
ZWE,NGA,29164.195580719763,3202.926165143036,7999.744200394079,0.4003785727280199
SWZ,SDN,18859.57598204795,3137.319277574382,7846.127433046481,0.39985576379508647
TCD,PHL,36645.49014957226,6905.8428685301,17282.000645987886,0.3995974198816692
ETH,RUS,112664.56098499287,3555.4867155212546,8901.328399255699,0.3994332706361618
NER,AUS,45304.071832773465,7671.230771570451,19218.29115657228,0.39916300096988805
TCD,CAN,48401.89001474142,6061.630592935814,15196.001736770393,0.3988964135393744
TCD,SEN,21130.633708218462,2006.3113893999416,5036.6234051362,0.3983445312496393
ETH,CAN,230312.34655530352,6666.855227145588,16784.54859453055,0.3972019378178609
RWA,PAK,27194.809151922025,4009.9944867805225,10129.377913787528,0.3958776660235322
TCD,GIN,11923.388390823107,1788.6712776543798,4520.011001736414,0.39572277080016866
ETH,SRB,15127.90223592264,2762.3898608765535,6999.190645757721,0.39467275584940176
BWA,CZE,23564.88111728875,5611.203107567597,14225.596615422493,0.3944441318885905
MLI,ITA,83205.3065255074,3520.0182400549093,8925.715201361385,0.3943682002668002
TCD,TZA,42968.02945578125,2553.418105491504,6489.079067015099,0.39349468223786743
ZMB,USA,1020773.2337846551,7725.279534283526,19734.41764126214,0.39146225010111046
ETH,SYR,12977.259130613447,1813.7015674159893,4636.71297009321,0.39116106153526453
BWA,CAN,47887.084273184286,7775.420437407239,19880.55153769669,0.3911068776268004
CAF,TWN,11633.894808391009,6774.620396448003,17330.348710171987,0.39091079526124384
BFA,UGA,36775.739332745834,2948.198553258483,7542.455027043672,0.3908804948372432
UGA,MRT,12027.95791968982,3774.2862459128796,9667.31012624462,0.3904174166986247
BWA,ZWE,18786.341547466076,718.5531510707534,1840.9955023289324,0.39030684766027685
UGA,BEL,65896.31210698503,4334.316561268107,11106.753899932266,0.3902415233396447
MLI,CIV,14028.532471626791,717.9622316698809,1840.1388040552877,0.39016743198265247
MWI,TWN,45559.32147647333,5817.535149059299,14928.144588085675,0.3897024921437552
RWA,TUR,26772.048892663235,3358.733666669185,8622.254804016668,0.3895423810839507
NER,IRL,10443.52771106482,3324.042168974244,8561.475284807522,0.3882557688244234
UGA,BLR,11682.37454345305,4232.430139825016,10913.265772577102,0.387824344062094
ETH,BDI,38432.97995359792,1678.196175830407,4329.75938956447,0.3875957125643456
SWZ,IND,317560.2169312162,5148.122900847464,13332.561751764912,0.3861315624633035
RWA,TWN,42163.590224884494,5995.991910490669,15531.499909810167,0.38605362941820054
TCD,THA,44308.222627821946,6024.592491099937,15624.167916330438,0.385594453628664
ZWE,NLD,12849.239017445247,5312.239037445404,13781.687903251805,0.3854563442981448
RWA,UGA,20175.464446279435,938.2574920941712,2435.226640476924,0.3852854910910548
ZWE,IND,293481.548106036,4868.500265591228,12677.277772930598,0.3840335719381953
RWA,GHA,13633.890521197625,2586.464329051156,6756.217532668299,0.38282727229323804
ETH,BLR,25698.854850701304,3266.7435343615207,8541.66279829541,0.38244819673909836
ZMB,DZA,15982.22186946283,4256.228530145461,11131.752939952077,0.38235025095371766
ZMB,CAN,56837.1894815103,7553.205757708974,19757.513738201702,0.38229535648023566
RWA,ITA,61585.993977143255,4006.3288129958746,10494.904711944968,0.38174037049007203
SWZ,KOR,14004.226882640138,6963.760167994928,18267.700653757045,0.38120616819734887
ZWE,HKG,44395.15553422293,6339.777744674249,16632.752711501624,0.381162267884273
BWA,ETH,81495.55795640782,2362.093910503033,6212.889182320498,0.38019250644686325
BWA,PAK,53078.68903887917,4661.823537247314,12284.819749739896,0.3794783832580057
SSD,IND,706335.2425348158,3648.485106920179,9622.743151592178,0.37915229051047683
SWZ,THA,13716.55698405994,6246.25643518446,16491.664952830124,0.3787523244651259
SWZ,FRA,38458.35538681845,5316.050204380435,14083.97416239824,0.3774538452770926
SSD,TUR,25957.981026625825,2483.693419087369,6593.921266476645,0.3766640999664969
ZMB,CMR,30953.775249423496,2479.2314322778407,6590.130418813683,0.37620369775992046
UGA,MLI,48134.88064200015,3166.2462274183404,8421.268310102787,0.3759821099180361
RWA,GRC,13868.938237575225,3650.3654424970937,9710.906477463725,0.37590367603359814
ETH,BEL,139461.15538057443,3325.8005162947247,8849.376302850575,0.375823154364383
SSD,PAK,28208.695079988833,3126.713206365371,8336.135066692985,0.3750794800408344
ZWE,TWN,17736.256226975886,5767.202746499915,15387.895608971683,0.37478826819811756
ZMB,SAU,26176.622607053927,3352.5982606893917,8956.98194846254,0.37429999077589554
NER,UGA,20989.497643670933,2653.3196538506104,7105.895305511244,0.3733969527798599
BFA,DNK,16362.262204047429,3906.4896496083347,10463.496694513982,0.37334456765839186
MLI,POL,46530.23458838516,3740.3442265626973,10020.17743351804,0.37328123692211695
TCD,DEU,176744.68531487382,3419.112681178289,9166.935118200703,0.37298318762938915
ZMB,FIN,16571.7033899438,5268.3872321497,14184.339801601986,0.37142280189555854
BWA,IRL,15688.063731288292,5273.142622364942,14200.55531324576,0.37133355041730987
NER,POL,41932.888389206775,3537.506267980023,9544.366233608216,0.37063815253898535
SWZ,MYS,10101.884671916696,6117.858172491629,16625.398142714683,0.3679826564137052
BDI,HKG,22248.89684836702,5848.60939407485,15895.7103782302,0.36793633344532684
ETH,AFG,11889.339281070788,2521.673695541633,6859.153745309396,0.3676362696004692
BWA,BEL,33617.121451590065,5221.413631794543,14217.379833692143,0.3672556893655547
SSD,KOR,27147.605587977156,5561.491318407876,15146.715341725338,0.36717474336415273
NER,BEL,22525.05619236656,3474.7084615128683,9467.466866464007,0.367015645317028
ETH,CHN,7216493.7583889235,4671.157903485341,12736.554076658207,0.3667520960042083
ETH,ZWE,67365.80392521985,1986.1143576943402,5420.821496266998,0.3663862311389631
NER,BFA,11069.293417214347,371.9138015236382,1016.0433242463139,0.36604128254030743
MWI,ESP,67462.34433996411,5018.493542840221,13710.318160979565,0.3660377158221734
RWA,SEN,10839.98040207508,3359.839876278067,9180.600489886208,0.36597168997599105
ETH,LBY,91628.42587144222,1910.466556238501,5227.292811119638,0.36547915436734385
ETH,OMN,11345.276452756352,1949.8227330476686,5342.142268277523,0.36498891926297455
MWI,THA,22173.486566689116,5904.304616753312,16188.640624093952,0.3647189874587611
UGA,NPL,10346.773695543152,4345.50108176339,11917.26174071973,0.3646392247067444
SWZ,DEU,54738.72027574642,5143.946455288445,14111.252995098273,0.36452797331854664
MWI,GHA,12811.8484426636,3171.514950139871,8708.277144081547,0.3641954542403769
UGA,CAN,104938.65293592589,6909.346645082913,18985.695375976233,0.3639238125470892
ZMB,HKG,187439.01821831413,5925.160653990586,16310.683627232058,0.36326868875673807
MWI,SGP,11107.76679568313,6126.725656987175,16880.62790142757,0.36294418032098474
MLI,MOZ,12217.605465907445,3612.360168093322,9963.776351572766,0.36254930265703095
ZWE,PAK,10790.783187031193,4151.768667997616,11483.779443936393,0.36153329905598386
ZMB,IRN,37337.57563385724,3498.5750080494754,9682.102272938688,0.3613445623093585
ZMB,PAK,54689.982953535124,4052.109943297894,11220.828968583492,0.36112393786975516
SSD,MYS,16648.01152210517,5066.407548417385,14031.838576414579,0.3610651249176468
MLI,CHN,1314309.563914361,6685.033174075177,18519.012981554402,0.36098215281417584
ETH,CAF,22610.91521788208,2539.5828012002057,7041.215414792733,0.36067392511026614
MLI,SAU,15207.752674633432,3671.947394969018,10188.598491672516,0.36039769335990857
BWA,ISR,15818.228851551876,3461.50866860695,9613.0441642821,0.3600845486041158
ZMB,IRL,17358.67448579352,4855.571552342339,13486.274062418706,0.3600380305093335
MWI,BEL,19333.078617969615,5023.804718720676,13964.417871190017,0.359757547007046
SSD,LBY,10308.827942081212,2191.2451387306924,6092.2551482704175,0.3596771778924564
ZMB,ZWE,16275.292009343553,553.3999277127735,1539.1757367008563,0.3595430427580399
SSD,POL,35085.09781543113,3515.5489057217414,9809.182351509964,0.35839367439025943
NER,SDN,31361.483281626824,2412.1193349327286,6740.7065191063875,0.35784369607186256
ETH,TUR,248157.74523965918,1927.6341143815728,5396.130955938553,0.35722522861684297
ZMB,ITA,129459.49994556453,4211.602554284858,11817.380014521137,0.35639054926808333
SSD,SEN,10514.0430369075,3196.7025602390195,8971.285973125174,0.356326012771772
TCD,LBY,18381.08499752209,1948.8838735298582,5478.5319149873785,0.3557310432377664
ETH,IRN,115448.87368372665,1960.5072321848477,5515.085982943006,0.3554808099544199
NER,TWN,53139.22371709079,6167.16421190114,17356.689409737068,0.3553191548407482
BWA,BFA,26695.88142218792,3290.026914971999,9268.394997684865,0.3549726695715718
RWA,THA,22773.12443252527,5341.263452282644,15094.844008650596,0.35384687971744905
ZMB,POL,66034.66847750476,4730.658547063711,13378.9586932397,0.35358944261141056
CAF,ITA,16803.43668679072,3347.2986942451885,9493.243914735378,0.3525979869799325
ETH,NPL,23450.609908720875,3561.3853553365448,10111.216786930798,0.35222124402869054
UGA,TUR,132123.38105967603,2735.9835881861077,7771.104420313992,0.35207139683184957
NER,DNK,11395.712650847034,3507.1593805813563,9963.528922029811,0.35199971897776794
UGA,CHE,51178.0429375002,3557.6545847687858,10107.373823632082,0.35198604967500285
ETH,TWN,329065.28000725305,4373.679043967324,12429.341741815397,0.3518834009731328
UGA,DNK,33536.0009908761,4042.5624678293257,11493.16560362307,0.35173620630289715
UGA,IRL,32851.4782273217,4020.7467407952545,11437.429813187413,0.35154285590975287
UGA,IRN,55990.8379934684,2600.25001982077,7401.235526858801,0.3513264792593834
BFA,MOZ,16253.411171714304,3186.353640735337,9086.684019263654,0.3506618733500921
ZMB,THA,52580.40675303841,5519.405629809655,15755.473528916093,0.3503167086460375
ETH,UGA,167811.85317750272,1069.5522565163824,3053.699263559085,0.3502480644638922
ZMB,KOR,65054.463996599305,6108.759809594261,17447.32913996412,0.3501257849031914
SSD,BGD,15652.395135471934,3876.8752421929908,11079.839150843438,0.34990356713778364
BWA,ITA,125885.46549948164,4540.597399429032,12980.290629456911,0.3498070674261172
MLI,LBY,12718.085656981968,2001.3031354254904,5723.197556397858,0.3496826932329586
SWZ,TWN,20702.88404957447,5459.626486214703,15650.967592044874,0.3488363549477759
ETH,GNB,10444.21488789361,3026.345155749056,8690.2157313692,0.3482474140227398
BWA,FRA,146072.82423149314,4916.575759889161,14122.79877012188,0.34813041238615133
ETH,GBR,676140.9356815575,3262.9324038699065,9373.71064329264,0.34809399692796134
TCD,NLD,49001.11810147148,3182.4807804713887,9143.250270161336,0.34806886899479267
MLI,MWI,10447.336424619587,3554.5012054622916,10225.836385762914,0.34760004672195843
ETH,AUT,117373.57503456746,2520.599244362283,7255.198310011134,0.34741975844881007
BWA,HUN,16279.002193695043,4502.2254558894765,12965.198541187572,0.3472546480169124
TCD,KOR,58190.29944977364,5928.996792770671,17089.99083156568,0.3469280265393503
ETH,MRT,29398.69489105243,3001.127126439978,8653.90089220815,0.34679471880041407
RWA,LBY,10449.352531802573,2793.837684339697,8057.445045504189,0.3467398993802103
TCD,CHE,26765.664560639423,3129.159706391145,9038.59441855347,0.34619981398522953
MWI,MYS,16320.136526424725,5779.361669120163,16710.147358912964,0.3458594077590543
CAF,HKG,28557.362597353746,5895.620593072385,17048.52170215842,0.34581418237136496
UGA,TWN,153687.5179365665,4807.259649854386,13904.730558569914,0.34572835695054327
TCD,BEL,29788.039008926145,3136.054998954582,9096.85645694125,0.34474051710045966
ETH,KHM,18051.83421433078,4285.8408015019395,12444.353725401192,0.3444004322019357
BWA,NER,28199.108632399788,3043.1502381122045,8841.222011097207,0.34420018344664843
ETH,IRQ,16985.705685572528,1763.319984750177,5124.889733342935,0.34406983886460596
ETH,GRC,105957.10862237406,2196.32167003203,6385.3781551356105,0.34396109622193316
TCD,SAU,21677.627544718212,2850.8932667636586,8293.676272375844,0.3437430125238031
TCD,MWI,16361.38775401423,2724.215630561686,7936.667646428698,0.3432442621920189
BWA,SDN,72617.32581108472,2690.245209525151,7841.729912562302,0.34306782298322075
ETH,SEN,110722.80336354997,2945.5215668873034,8587.371936160456,0.3430061710130481
BWA,FIN,16067.169356682785,5131.282194836735,14979.520759756968,0.3425531615552156
RWA,IRN,11560.320037861653,2939.5527280652514,8582.273272392724,0.34251446379843703
MWI,CIV,11760.598030500276,3261.0369343657144,9528.805320465799,0.34222935873836324
TCD,IND,1014620.5675612387,4201.269945476158,12276.260238166806,0.342227181891635
UGA,LUX,13476.218814107888,3800.424468612878,11109.711554691705,0.34208129076113897
SSD,IRN,11271.234811722798,2321.869825942881,6788.764684902347,0.34201654258344355
SSD,BEL,18823.151231916192,3410.5148236299556,9983.00597585742,0.3416320526981387
BDI,ITA,11105.632510861606,3638.614684277131,10671.13293842963,0.34097735500731113
SSD,DEU,104753.83794500485,3363.2217175968963,9866.985014500206,0.3408560682573667
UGA,KAZ,14006.350273816135,4181.984758698513,12273.380670323391,0.34073617294462377
ZWE,USA,254345.77773960365,6687.708912218428,19746.995674217134,0.3386696904456359
BWA,TWN,77986.53624445647,5361.493516393391,15831.248533054577,0.3386652357329212
SWZ,CHN,436804.2934306048,5793.605062795858,17133.027981491086,0.3381541820310295
ETH,THA,209220.24158238925,4106.48451678751,12157.930142323725,0.3377618121436783
SSD,ITA,63180.669599416404,2793.367424269544,8272.249849643173,0.33767928617267734
ZMB,ISR,14296.028316212016,2865.4254934171536,8487.015577459033,0.3376246299143764
UGA,ZAF,394492.16276968183,1800.6008754392583,5335.721180454434,0.337461575397743
NER,THA,25176.086469175134,5691.508425605431,16908.44101028867,0.3366075217781573
ETH,POL,263811.5125293188,2908.5904466802544,8643.370698586454,0.33651113068145144
UGA,MAC,11396.510117831976,4818.620026739729,14342.05623648733,0.3359783246757029
UGA,MAR,14536.725981701686,3271.7656547306774,9745.785533590237,0.33571082017494347
MLI,DNK,12509.491613034883,3489.8816219848923,10401.6725288313,0.3355115835757814
TCD,CMR,22060.71991322697,659.7166993184902,1966.4805318560511,0.33548092067599594
MWI,NER,10221.489257378194,2988.358589034424,8911.965684866142,0.3353198042614893
TCD,RUS,24613.42379110771,3693.8914835947267,11022.267332716217,0.33512991221239424
ZMB,TWN,79189.82548354196,5145.392581456363,15353.525051389403,0.3351277680033964
MWI,CMR,12690.856521985059,2470.6120104534943,7393.709850115028,0.3341505226114679
BFA,CHN,1644346.1697196423,5922.97787690804,17729.2382425758,0.3340796595921607
ETH,SVK,43813.78578915924,2476.8602699730463,7430.2231297472,0.33334937951685945
BWA,RUS,25705.204738332213,4837.259904691364,14517.383947369657,0.3332046546559655
BDI,NGA,13046.184860295974,2160.188717138507,6483.6790330147805,0.3331732965402611
RWA,BGD,15144.407756427718,4257.620537637173,12789.102311394458,0.33291003809108977
ZMB,MLI,30010.39465740525,3135.550414461866,9422.256954461573,0.3327812465332033
BFA,TWN,75650.89626797145,5898.284582532842,17742.87851239948,0.3324310978295247
UGA,POL,124574.70477516265,3648.334884884712,10994.649470409811,0.3318282128687751
ZMB,SDN,72300.40676086019,2231.1395823635053,6726.106302239232,0.3317133988234355
ZMB,NGA,268516.4713536119,2508.0804842246084,7562.849880528684,0.33163166317526854
SWZ,NLD,15408.153375942828,4706.421662423938,14220.9647608339,0.3309495341262599
UGA,BEN,30208.817448537146,2204.0043762938576,6667.591012524071,0.33055482439669226
BFA,ZMB,12875.052368632787,2822.787341518804,8545.121383652457,0.33033905719806816
SWZ,AUS,15828.10429949336,4356.892049135404,13191.101337735668,0.3302902417004167
UGA,COD,63575.058336285714,1787.5556691189754,5413.206141281896,0.33022124457570834
NER,AUT,18737.368732473053,3095.1336284995455,9376.46928790159,0.33009585308333284
NER,FIN,10673.849451092974,3455.5896296100946,10468.769552328833,0.330085557078805
SSD,GRC,14501.653453938654,2491.5697698102695,7548.731607392453,0.33006469157948093
TCD,USA,828260.4376177936,5087.096627532834,15442.42001983075,0.3294235373082793
BWA,UKR,16282.050222947584,4171.435665615156,12684.447348733853,0.32886223190729263
MLI,SDN,43150.99777150473,2478.030155480363,7535.410946991644,0.32885136230953205
MWI,TUR,24881.41500162732,3475.7583182512935,10573.43448097799,0.3287255739376183
SSD,PRT,12331.270594119691,3453.8819634199376,10507.575702031929,0.32870398095271725
ZMB,DNK,17675.885424521068,4550.9335608289575,13854.632349302958,0.3284773963026107
BWA,COD,47726.259873869094,1505.490002522922,4595.226861434086,0.32762038696237217
ETH,HUN,67925.83932243667,2330.174296618044,7116.443122877925,0.32743524488055065
RWA,ZAF,114359.06732442221,1927.199012947656,5887.123795766518,0.3273583297727698
BWA,TCD,14534.515918513076,2580.2533295859967,7883.376214409764,0.3273030817519068
TCD,PRT,18645.70130187389,3123.793228057738,9549.904158515761,0.3271020500527448
CAF,ESP,17336.338735828496,3211.6356175256074,9823.802047607873,0.32692389382048376
ZMB,COD,38612.375712828034,1235.4306421769172,3783.4616026951785,0.3265344734295304
MWI,PRT,12652.227343946239,4714.775073279316,14465.93284143953,0.3259226435624832
MLI,USA,765547.6007451983,4031.9533653243097,12391.92766583684,0.32536934317652244
BFA,GBR,137676.7297370409,3387.9939938594516,10433.738709415242,0.32471524237061633
MWI,SDN,27888.22345461047,2322.625086515551,7159.273397417092,0.3244219011601796
ETH,MAC,24159.608066968085,4109.774142360045,12685.22559481523,0.3239811630973132
SWZ,POL,16701.04636850818,4577.980768368464,14157.60208279553,0.3233584855398412
ETH,SSD,67826.05699885015,844.8791151160115,2614.1979065666656,0.3231886587445195
BWA,GBR,155799.24158048656,4740.24752277527,14682.26740804254,0.32285527780121304
TCD,HKG,158224.017170744,5192.288925848738,16117.535698505724,0.32215153873244534
MLI,DEU,140021.94902590124,3185.1646978502486,9888.705632339612,0.3221012755636712
ETH,DNK,71022.69554423643,2943.6887043499755,9142.27850146638,0.3219863301996128
TCD,IRL,13632.635662691237,2913.4414480274545,9054.721137332568,0.32175937876378663
BFA,EGY,18366.04295146561,2440.2884488869922,7602.565449214522,0.32098223490323474
UGA,SAU,39056.81923704942,2133.686133833388,6658.541353320152,0.32044347562239994
SWZ,ESP,31278.075513405918,4502.674012614781,14058.094732153912,0.3202904873244444
ETH,PRK,13785.14354326982,4361.785769267181,13622.257085114417,0.32019552574980237
UGA,ITA,232501.25384801673,3047.360056302014,9540.135231198305,0.3194252473839666
UGA,NGA,434038.8345275242,2112.5461861621748,6613.919881037567,0.3194090984106034
MLI,IND,921530.3950643045,4640.237984076169,14552.572319181989,0.3188603280782047
ETH,SLE,24270.471460501165,2787.5275577670836,8747.605615709665,0.31866177788822736
ETH,SVN,20619.233482778458,2337.409026030212,7337.205723576874,0.31856937287710796
UGA,TGO,16962.182340583426,2143.0753958200307,6735.5024903776575,0.31817602307795584
MLI,TWN,57587.277998635036,5885.1307760532445,18501.410735522342,0.31809092075091927
SSD,CIV,12200.76192735185,2625.115136839185,8267.491750181756,0.31752255897702875
ETH,DEU,848285.6365211166,2765.1214453276516,8715.260671608028,0.3172735216441285
SSD,FRA,73520.07715853234,3042.6368857580396,9600.605199786329,0.3169213630225891
BWA,DNK,17121.15673731404,4638.558549421385,14657.342324432944,0.3164665494432217
TCD,COD,39746.045414186425,1588.7821948627768,5027.399984738952,0.31602462499217165
BWA,SSD,18721.041086588142,2060.2428478445363,6520.2764860113575,0.31597476767505095
SSD,CMR,13133.481177528778,2206.551737652068,6984.859169851194,0.3159049715957375
MLI,BEL,25433.340208722286,3116.217897468631,9882.592992990492,0.3153239134383958
ETH,MMR,52461.07214815887,3601.286799268977,11444.997076859798,0.3146603511634163
MLI,VNM,18762.06852086918,5829.716899273164,18535.105568131396,0.31452299410134316
UGA,CHN,3437286.9357967773,4509.385048785912,14348.027060061395,0.3142860708241943
TCD,TWN,66457.38888455452,5128.31504195617,16318.76852573522,0.31425870364351655
BFA,COD,34109.87448964025,2012.0744214155688,6404.462269499055,0.3141675814061669
CAF,FRA,20628.222268743335,3098.9218325993734,9867.395391060558,0.31405672011550945
MWI,POL,36006.322373953015,4330.232991731311,13812.12578841756,0.3135095247512527
MWI,BGD,15897.952377463387,4439.245226806974,14161.236623518846,0.31347864207242454
ZMB,GRC,26641.783597571026,3481.6223886094162,11118.509963122187,0.31313749775439714
TCD,UGA,41213.27883995109,1886.8928106161045,6027.209058923803,0.3130624460126195
UGA,TCD,23907.768935112643,1886.1888186582341,6027.209058923803,0.31294564369980976
MLI,NOR,12164.288860546309,3380.1175529575175,10801.231342093022,0.3129381684276129
BWA,NLD,58111.98728074413,4435.423937632721,14186.891888974722,0.3126424006289701
MWI,GRC,14874.333321453809,3606.969722609012,11551.677058300047,0.31224641274206605
BFA,ITA,111022.5163046965,2833.1072304996087,9073.814714754008,0.31222890477287146
ETH,CZE,98959.36417157733,2710.3745439063873,8707.725302580924,0.3112609148456999
NER,TUR,27879.53597184275,2558.0930842434,8225.23698614389,0.3110053957779849
BWA,ESP,117980.97170097691,4394.673052970577,14139.906232853024,0.3107993066290553
ZMB,SGP,26205.161499339996,5061.197990024498,16316.78472949971,0.31018353639698226
BWA,HKG,178483.49213415492,5282.873621823936,17042.255476646238,0.3099867637275649
CAF,ZAF,31788.161635601817,2153.5803606670925,6962.683857444349,0.3093031946818225
SSD,HKG,106211.2874376658,4327.244359833169,13990.956012661532,0.30928868305476054
BWA,CMR,32685.80951318456,2265.3885632339034,7331.692297221092,0.3089857663683658
BWA,GHA,33481.193788007186,2636.0057968893407,8565.435257987609,0.3077491939981871
UGA,RWA,22287.294554319928,749.0587964419612,2435.2266404769243,0.30759305273338444
BWA,GRC,26132.41064095701,3760.2420526019473,12234.133573445257,0.30735662889636284
MWI,LBY,10044.99951593377,3132.9560289588176,10194.609153444286,0.30731497223710014
ETH,AUS,257756.38856945268,4581.157278199425,14909.21693614486,0.30727014690444193
ZMB,NOR,23816.06629438358,4377.078471550744,14261.906851189682,0.30690695972296456
UGA,CIV,50146.25961385797,2402.047244805343,7827.844739885774,0.306859336717043
ZMB,LBY,22509.75307378937,2978.8146839205447,9716.03692889084,0.30658741889534985
BWA,CHE,22437.95737023692,4135.256864521831,13491.46830346004,0.3065090301150763
BWA,TUR,66934.75381962213,3449.51343562259,11255.489898935703,0.30647386000930704
ZMB,SSD,16784.422538667135,1645.721613411623,5372.857589004964,0.30630285395604634
SSD,GHA,13294.108536945603,2340.5192490022637,7646.888494005958,0.30607471925828245
CAF,CHN,264239.08020895557,5189.712824222947,16961.288107158092,0.3059739797729606
UGA,VNM,55774.22192393545,4269.749740964755,13959.986996855776,0.30585628352851874
TCD,NOR,19654.009386985017,3060.9415979100686,10045.96350111878,0.30469368095645416
MLI,ETH,48793.07063792685,2474.423844481242,8125.777155359365,0.30451534630742777
BFA,NLD,55634.41844736803,3036.022671957379,9981.01639591826,0.3041797099140085
SSD,ZAF,121397.0732680178,2187.171031794982,7202.422316313573,0.30367158932641497
SSD,ESP,65732.36360827347,3018.95126963893,9947.925033218753,0.30347547448918777
BWA,BEN,20537.93035839801,2528.151083951909,8337.46473738516,0.3032277992871969
ZWE,KOR,10436.514778425917,5381.812683326759,17769.398224233693,0.3028697210458769
BFA,RUS,20448.308301307403,3626.2757518095473,11974.818955629864,0.30282510034146976
BDI,ESP,12957.130060634034,3746.397545411195,12389.522905229003,0.30238432698889695
BFA,HKG,179705.0157781604,5418.314279272104,17985.00428194813,0.3012684453297886
SSD,SGP,11329.85144502605,4233.688313001818,14127.733417429183,0.2996721546131934
ZMB,SEN,28319.56229216834,3094.6927094349057,10329.080669998106,0.2996096950257891
BWA,KOR,53139.067517290954,5486.6960827616185,18320.75571859787,0.29947979041017025
NER,BGD,18411.475368576772,4453.151991446965,14913.549777204104,0.2985977220697495
NER,LBY,11364.784530520075,1356.8460904450299,4545.561458376529,0.298499118947043
ZMB,SVK,10964.57750596695,3617.1914309868043,12120.640176983778,0.2984323747070382
BWA,MLI,25530.774822233416,3026.460990103887,10147.208280743982,0.2982555306218658
MLI,ZMB,10765.889157724388,2810.237985126411,9422.25695446157,0.298255290500831
NER,ESP,78569.03730077873,2721.867871636687,9133.51651426248,0.2980087535163859
BFA,NOR,12336.057788113185,3235.3285688499177,10863.055507775707,0.29782859588023736
ETH,FRA,591024.9353240379,2562.043232124424,8604.944534707434,0.29774081887345166
BWA,TGO,11597.615190387376,2501.6325557812006,8402.100107338747,0.2977389609528896
TCD,DNK,14532.745480255282,2865.379099854096,9629.585694657057,0.2975599564417337
ETH,QAT,12874.508090426718,1501.6259548112184,5048.342261000806,0.2974493164640405
TCD,FIN,13705.655169788179,3023.06674161208,10164.91119380608,0.29740217931802154
BWA,GAB,10784.345603112492,2160.1918233118117,7268.91549378713,0.2971821346882029
UGA,AUT,55497.089834479884,2854.0451253569872,9606.085412167826,0.297108031305013
NER,COD,19128.015788148594,1777.2578759302544,5982.008644251377,0.29710051951164823
ETH,SAU,78681.22342115703,1334.570153858155,4496.9088939714065,0.2967750037469718
UGA,USA,2045138.3168304935,5802.775544303944,19613.16956597545,0.2958611827009586
SSD,SWE,16909.220490158048,3261.0356745849494,11025.510077888839,0.2957718646618272
BFA,CHE,16355.982171345746,2877.516722354029,9736.243617066148,0.2955469106494194
BFA,MWI,16146.824316872526,2756.890098263679,9348.7008149538,0.2948955317784767
MWI,IRN,10861.456240144413,2981.77102835398,10122.322668491548,0.2945737975371546
CAF,USA,155565.95432179997,4627.6217129911865,15728.95831398738,0.29421031072833065
BWA,SAU,22295.53825339405,2964.4759501610906,10083.01053528561,0.2940070269476436
SSD,CHN,970740.5792629292,4119.429246682701,14012.442118170049,0.2939836762173671
SSD,GBR,78397.21975182931,3088.903145063982,10513.473289916152,0.29380425097257434
ETH,KOR,246922.6740515467,4071.594710252792,13869.286064286827,0.29356916364549424
ETH,GIN,63157.390681060715,2499.826018206859,8517.776432996117,0.29348340354685126
ZMB,TCD,15704.866372635785,2090.4746139554977,7133.0882151273545,0.2930672593564966
UGA,MMR,22054.167449489254,3855.751664577428,13163.575552362578,0.29291066467768356
ZMB,BGD,30890.416510866078,4017.4967424571682,13728.069528340984,0.29264833880417246
RWA,HKG,100330.27888424834,4577.86302891944,15650.053881216556,0.29251420242162
ZMB,TGO,10411.656239997896,2239.856990735376,7669.264349806337,0.29205630273938027
UGA,KOR,116973.34276191973,4503.555688025801,15467.57436475218,0.291161082004467
SSD,VNM,13727.406177299345,3970.290806790767,13638.416958855516,0.2911108245750494
UGA,LBY,38004.98161483409,2123.27311917018,7294.6824870209075,0.2910713554631092
TCD,ZWE,16298.209418232771,2201.836181453175,7573.225737905249,0.29073954186161655
MLI,HUN,12013.320371090254,2846.002431389521,9797.372012944868,0.2904863087396512
SWZ,TUR,17360.036740494328,3267.5155625866328,11265.249020482379,0.29005267053091005
SSD,NER,10715.1262210819,2268.1424235947115,7827.557341188825,0.2897637570356314
BWA,BGD,30017.568834867867,4266.645322002638,14728.931370911381,0.2896778601622767
ZMB,CIV,30524.741434262505,2525.382239232312,8725.225889164452,0.28943459703071917
BFA,THA,41317.96326351264,5054.199041436907,17491.63649977284,0.288949466878216
MLI,CZE,17427.247813806196,2884.4041557131245,9989.982009895843,0.2887296646636502
TCD,TUR,75532.37407611418,2310.9719897441487,8004.321861721134,0.2887155251459654
ZMB,ESP,121870.26013129816,3812.276384396022,13224.615254018725,0.2882712510851716
SSD,NGA,105624.2295822053,2125.505520139345,7379.077268869795,0.28804489270037076
NER,HKG,128833.18416449215,5004.1406199528665,17401.80879246396,0.28756439515183985
MWI,CZE,13490.14221638773,3986.8583186521696,13874.024205745372,0.2873613494923248
ZMB,CZE,24785.990025023017,3861.638361220922,13440.857110567504,0.28730596043497963
ETH,CIV,120795.83723905565,2298.2986799135683,8005.748118939995,0.2870810629772693
UGA,GAB,16715.730729299896,1629.349612360679,5685.304962926029,0.28658965930336117
MLI,BFA,12633.615584296049,527.1419531023993,1839.5816748644022,0.28655534043698033
MLI,HKG,141460.70202682057,5375.699387729238,18797.389721971733,0.285981163727522
UGA,BFA,39072.555038664505,2154.764556235821,7542.455027043674,0.28568477352663757
UGA,BGD,57001.90770691368,3315.070910811166,11608.068106860534,0.28558334429929055
ETH,BGD,125008.3381611831,2789.0248137100116,9802.023153071597,0.2845356280183885
BFA,BGD,27260.151662465287,4408.835558508539,15496.745266688276,0.28450074403595893
BDI,DEU,18502.296348578,3550.033093973162,12500.251025322623,0.28399694428388794
BFA,HUN,15535.568260420045,2782.333936716937,9817.18255587755,0.28341470894326526
NER,GBR,91372.88449934624,2808.1328862974656,9933.770936931069,0.28268548813196287
MLI,CHE,16547.250927310244,2732.3410069977804,9676.014799677714,0.2823828883652378
NER,MYS,18528.938126693465,4927.144844433237,17458.280100923228,0.28222395424694097
ETH,MLI,117387.12158910761,2291.3237760068055,8125.777155359366,0.2819821085661401
ZMB,BEN,18468.85352551332,2139.628881854312,7614.191123352751,0.2810054078222522
ZWE,POL,13986.571461588828,3847.0697667820314,13701.027777509269,0.2807869474651482
NER,ZAF,147759.9239281398,2467.4259708758605,8802.330555257608,0.28031507739755057
BWA,SEN,27072.02924680685,3077.195777645031,10982.394491530515,0.2801935206405239
BFA,ZWE,13310.508264494796,2516.383893868926,8985.25890643035,0.28005691545160283
ETH,LUX,28508.956488820168,2455.3215196822725,8769.016712485012,0.27999963966159097
MLI,GRC,18928.100025968688,2683.9074520446316,9611.596656138865,0.27923637955931463
BFA,AUT,26883.38878667508,2752.572936409052,9878.95327088576,0.2786300188827852
ETH,NAM,29902.190431262177,2111.2297356858435,7587.338631857939,0.2782569538706432
ETH,NOR,73069.48186196575,2650.5149864736063,9557.455392278105,0.2773243376699488
BWA,LBY,24689.52560995347,3011.3679433054463,10863.455825897236,0.277201655860439
TCD,GRC,21987.680895964408,2449.7198724864625,8839.583591289622,0.2771306868912214
SSD,BFA,10318.974701609071,2313.794269041596,8352.082478421255,0.2770320186635608
BFA,LBY,18982.88454232549,1518.8081661012384,5488.861082974277,0.27670734295177934
TCD,MMR,11201.372973025327,4146.904701021596,15003.826778212737,0.27638980123680007
ETH,SGP,104520.13709403703,3551.310400952916,12849.917419657346,0.2763683442447846
BWA,PRT,22174.45169724534,4010.5599185127426,14516.818090041646,0.27626990251148326
TCD,ZAF,174509.97818928637,2170.190605580303,7857.03038677642,0.2762100308575602
SWZ,HKG,47548.01162523218,4675.885475359212,16989.200411805417,0.2752269301685348
BWA,MMR,13210.658339663327,4419.38722217638,16072.949753128243,0.2749580686840786
TCD,BGD,25736.303022001408,3745.643832979926,13629.276683245873,0.2748233761799224
BFA,SDN,53953.80485755512,2009.1110632121217,7313.494755888816,0.2747128603044923
CAF,GBR,20772.557817390905,2822.8630531313524,10287.708909744346,0.27439180850632194
BFA,ETH,59985.66419230357,2166.2059676293816,7903.937485506536,0.2740666878503983
BWA,NGA,261556.85877280167,2271.600708572616,8293.033132436092,0.2739167530499579
NER,DEU,122135.80334468985,2588.274562122842,9450.80170331929,0.2738682540777248
BWA,CIV,30699.46688789645,2571.158269929179,9425.014237921861,0.2728015263450783
BFA,SSD,13538.069677470361,2269.6349905504276,8352.082478421256,0.2717448009420811
BDI,GBR,13824.048939472968,3541.710807458651,13067.563577955236,0.2710306926253229
SSD,NLD,32436.047420995772,2704.7770345717545,9986.038993815004,0.27085584547056113
NER,IRN,12208.764871082087,2859.1629586589443,10557.252151253735,0.27082454010719087
MLI,BGD,20983.628844343468,4322.048444924473,16042.032403864021,0.26942025399995
BFA,TZA,40150.03245062467,2152.1328175549475,8033.4209201349695,0.2678974298683691
ZMB,TUR,91593.89293970625,2714.0536402030907,10137.26504448763,0.2677303620150407
ETH,ZAF,849110.2752623804,1870.8921673513519,6990.788806303964,0.2676224699656596
SSD,CZE,13142.211229160344,2640.935268807265,9871.078754837768,0.2675427209526573
BWA,GIN,15485.556489080956,2783.777639566332,10419.688467280732,0.26716515069599056
TCD,MYS,32675.05839977331,4317.2223440871185,16174.007006965,0.26692348669244403
BWA,CHN,1640342.6959970426,4585.115323083239,17181.089334925906,0.2668698843071939
ZMB,PRT,22755.932599089807,3655.8309505806615,13712.690809311665,0.26660201133523354
SSD,UGA,19554.4365649562,771.4602627775552,2896.360065415775,0.26635509582846406
ZWE,ESP,26048.183689743713,3612.0801931780043,13572.6331263278,0.2661296566081489
ETH,BEN,74731.64622368528,1917.079937998266,7215.52883398489,0.2656880711180705
ZMB,RUS,30250.12728044202,3592.5685639946146,13522.624171455134,0.26567096137879487
TCD,HUN,14042.06696033352,2458.2928810085614,9254.863592520625,0.2656217302862514
ZMB,BEL,34627.05866347401,3560.4680239552245,13411.793899037155,0.26547291516393146
ZMB,MMR,13331.787964581692,4001.9945605452735,15104.288297282847,0.2649575062245868
UGA,BDI,15268.214816151583,712.3982203855061,2695.3445870704318,0.2643069178623321
NER,ITA,73587.34992504863,2280.4176537782873,8645.478731123134,0.2637699686390922
UGA,SVK,20672.167308622385,2561.801374619275,9738.074206228892,0.2630706359765298
ETH,PRT,91814.34933433033,2469.558574689963,9389.341259775087,0.26301723479471434
TCD,ZMB,15325.962770315757,1871.337361106574,7133.088215127356,0.26234602806929713
ETH,GHA,129350.80047399737,1935.9759798072487,7383.530914139195,0.26220191969399415
RWA,VNM,13948.626824571005,3997.5540160530018,15279.373933285548,0.26163074701277383
BFA,KOR,47505.32707350541,4892.007239631051,18709.791197508093,0.26146776241322267
SWZ,NGA,67979.11848628776,2155.927973239534,8258.520180085428,0.26105499850182995
ETH,BFA,96933.25342103993,2062.3136174847855,7903.937485506537,0.2609223088196805
ETH,CMR,124170.01745068507,1812.958980486219,6951.5586581757325,0.2607989185783532
BFA,IRN,21048.453276910488,2889.601221489185,11122.759993071239,0.25979174443116815
SSD,THA,22616.46861869528,3490.4710088463335,13435.746140095567,0.2597898897799141
UGA,GBR,308705.7051642681,3029.18514709619,11667.04595797433,0.25963600023584094
MLI,AUT,20760.219971861865,2558.7340553492427,9859.142727953076,0.25952906109114404
BFA,GRC,24904.963276840095,2482.9720805329016,9579.60980674655,0.2591934463535498
NER,FRA,85693.78480599361,2400.782584141261,9267.377423964748,0.25905738746897433
ZWE,CHN,407713.9143769746,4308.374261977135,16632.000979054235,0.25904124629399383
MLI,IRN,21561.17509251158,2940.021122481336,11385.514163922924,0.25822471257357255
ZMB,MYS,38731.436077719874,4194.861114605388,16265.095065735106,0.2579057237385904
MLI,NLD,42309.37962778253,2551.064073850871,9902.746832410576,0.2576117633848343
UGA,NOR,36577.78365510836,3065.807205275575,11908.929998934796,0.2574376711887465
MLI,KOR,43176.701693569186,5009.774673094315,19484.407275615027,0.25711711946013927
BFA,CZE,22545.638263580626,2582.669835437514,10047.916774978527,0.2570353530265017
ZWE,FRA,26613.89068235809,3490.7797022466248,13584.563392531387,0.2569666467282864
SSD,COD,17998.999669969206,1855.5616702840507,7224.257897294964,0.25685152671236217
MWI,COD,17138.824134108185,1267.0686591329195,4945.183263126109,0.25622279129286285
UGA,CZE,46739.175686947325,2824.358431172368,11058.612404737616,0.25539898929474963
UGA,COG,16568.3257296545,1492.1907138872245,5843.010003775317,0.2553804824778808
NER,PRT,14732.995369112481,2440.1303138248536,9576.668299513514,0.2547995020302426
MLI,TUR,49146.713092483464,2254.9590343215154,8853.304226339127,0.254702535536153
TCD,SSD,13675.553616678957,1740.0294595324544,6846.702553772908,0.25414123745942535
UGA,MYS,66089.17309082446,3641.2469044344593,14336.680961289841,0.25398116302274637
TCD,ETH,63200.26988927298,1617.8756110683235,6377.169214873645,0.2536980839860589
UGA,GIN,26288.06632724043,2212.6942886169536,8743.33190206454,0.2530722055849757
ETH,MYS,154516.6857050836,3221.493601518328,12754.022578642742,0.2525864747105656
BFA,ZAF,204713.9330700866,2322.9715805425517,9218.590251310272,0.25198772450184337
UGA,SSD,27258.49592401324,729.6641990957235,2896.360065415775,0.25192454757553756
MWI,SEN,10081.387673090141,2799.833704923846,11132.660101299452,0.2514972773306029
BWA,POL,62998.171493777554,3559.805253358541,14174.139651394686,0.2511478891072072
BWA,NOR,16929.745484795418,3770.622104279792,15067.49278584467,0.2502488076730421
ZMB,GBR,172525.52191179426,3470.085460120352,13876.68147338755,0.25006594456860737
BFA,VNM,25351.776873756753,4419.088965277924,17711.551992857792,0.24950320373166213
TCD,CZE,20265.4717891778,2322.775981267285,9326.1617805966,0.24906022819590157
ETH,ESP,490854.9842408398,2190.1656397351435,8795.038699536144,0.24902285419740725
UGA,DEU,390184.0984831827,2752.6234067922283,11055.560156562551,0.24898090805089404
ZMB,HUN,17065.578379246872,2939.7688108304656,11849.574930864503,0.2480906554017622
NER,HUN,10811.150615284421,2296.736225487856,9289.21165574338,0.2472477009464865
BFA,SWE,29001.81145861818,2769.1550163407483,11203.894821729597,0.24716003322077432
NER,SGP,12611.802420490729,4349.378163682701,17651.391357387834,0.24640426783480196
ZMB,GIN,16054.633822587642,2392.6092328553727,9719.900118523321,0.2461557427216511
BFA,SAU,16591.97598201396,2457.706285613443,9988.334355338015,0.24605767069661455
TCD,SWE,25785.090745287318,2548.383361800099,10359.432448272672,0.2459964263993068
NER,GRC,17317.5697615205,2210.376005242149,8996.414317262377,0.2456952211505939
MLI,ZAF,161159.47133470167,2483.3936163869466,10108.673906806885,0.24566957439538156
MWI,VNM,13345.547097208399,4002.537742845393,16333.453394478904,0.24505152989865242
BFA,TUR,48796.415945446206,2137.552016736172,8788.533872003061,0.24322054712056157
NER,NLD,38786.85744283984,2305.091316082523,9482.650770809088,0.24308512163902515
ZMB,VNM,33334.77277119681,3863.843820173714,15900.286299301044,0.2430046696922409
ETH,TGO,42098.14109044025,1755.2358262804953,7229.284190621734,0.24279524500606764
ZMB,CHN,1760641.9958935839,3959.7516945451503,16313.281537144667,0.2427317695418276
ETH,GAB,40145.22886498246,1732.8282598900678,7193.4070333985555,0.2408911732430336
TCD,IRN,30690.980981355333,2262.5772864513374,9401.264120108,0.2406673461723087
BFA,MYS,30418.547144379747,4327.163831995204,18041.4755904074,0.2398453391637181
ETH,CHE,101695.80721675965,1856.2638714826821,7765.346957906138,0.2390445503008417
TCD,GBR,131035.48794214516,2295.2280300660927,9602.731081341648,0.23901825539254967
UGA,GRC,50274.86480681223,2074.991400023053,8736.265257292302,0.2375146975180297
BWA,THA,52595.92350994872,3925.077698739758,16544.72001767095,0.23724050298509092
UGA,PRT,43297.13606313842,2774.032367135625,11697.192336256776,0.2371536935865538
ETH,VNM,131856.20008551452,2928.5060991429223,12360.600961083675,0.23692263089497673
TCD,ESP,100100.8117610477,2174.182544899731,9238.39158124981,0.23534210752794243
TCD,AUT,24170.826706399384,2179.291676093748,9266.816902903834,0.23517154800057058
UGA,GHA,53376.35494549469,1638.5185690525402,6969.87970857652,0.2350856309666756
NER,VNM,15078.90634387298,4026.2247802615902,17128.35650337362,0.23506194417827422
UGA,SEN,46588.60544757006,2186.0437482085094,9319.361781689324,0.23457011321350854
BFA,FRA,129104.64866250398,2264.4367915293683,9689.52580567725,0.23369944380586694
BFA,DEU,183903.27838540485,2320.608145057473,9950.769475803463,0.23320891421515905
BFA,PRT,21167.771246881806,2331.4614384985653,10021.061271497687,0.23265614043592403
MLI,UGA,30689.27451357198,1955.7998462659218,8421.268310102785,0.232245283518588
TCD,SGP,22133.619881899576,3783.056054859047,16367.1182634296,0.23113757681532984
BWA,MYS,38736.68177680281,3848.468210397459,16678.453207555503,0.23074491156374533
ETH,YEM,10766.65226273102,1058.9520019866302,4603.758476326157,0.23001901759878682
MLI,ZWE,10689.937286635055,2240.3212058008667,9862.394477239464,0.22715793927844835
SWZ,GBR,41018.52584569968,3323.687045400893,14714.136460576718,0.22588393510594246
BFA,SVK,9974.081198963815,2237.142789176345,9948.234292221829,0.2248783777564917
TCD,VNM,28041.494099123927,3543.8220554492427,15844.083409415387,0.22366848014340276
BFA,SGP,20698.885527061047,4061.0436889861235,18234.586846872004,0.2227110338769624
MLI,GBR,103409.72319081072,2293.6077239057327,10305.835672182558,0.22255426894653707
BWA,DEU,207893.72493300049,3142.1937180674413,14159.306133397426,0.2219172103819394
ZMB,NLD,59748.37114389675,2960.650786605262,13381.305954319738,0.22125275340928202
UGA,ESP,231498.51161552002,2466.0275202385387,11148.555864507702,0.22119703665739612
BWA,COG,10452.345370059995,1642.7997379804087,7443.539688886419,0.22070141446725836
MLI,PRT,15835.87110797792,2177.653074327899,9869.333144265003,0.22064845136910968
BWA,VNM,33230.04956887559,3659.791240400525,16623.398933343396,0.2201590213334576
MLI,MYS,22463.643991149125,4141.962185370102,18865.029165681,0.21955768787811375
ZMB,ARE,11824.903831680742,2068.786736732086,9429.100651183277,0.21940446000780253
MLI,ESP,85251.74053205964,2047.5653419360115,9336.902825160876,0.21929813132661918
BWA,ARE,10356.257452905194,2306.7809288419776,10544.635141506345,0.21876346577056097
BWA,SWE,30289.83474116948,3352.8954764783794,15386.607338323562,0.21790999164106128
ZWE,GBR,29272.16943926937,3104.220438648672,14274.409993265455,0.21746751285084404
UGA,HUN,32104.57482334297,2045.5480640590058,9467.330225034615,0.2160638760281045
BWA,SGP,26350.20144840999,3598.909605227115,16730.142871320106,0.21511529416742753
ETH,TCD,56042.839298634935,1369.231103752428,6377.169214873645,0.2147082910327882
NER,CZE,15712.375274483733,2045.8261903721627,9551.838403094354,0.21418140718433945
ZMB,DEU,217249.29737267934,2821.8421581425514,13401.368940663273,0.21056372454461283
TCD,CHN,1477994.3676082045,3364.662935771062,16002.054281795396,0.21026443708535866
BFA,ESP,112789.5026333728,2000.8035615234623,9545.5880759673,0.20960506001310047
BFA,BEL,32263.321758843853,2078.19731941246,9964.230344198177,0.2085657645020743
ZMB,SWE,31266.00752709218,3026.876493342705,14581.021403668574,0.20759015500664071
MLI,SWE,22217.440990399497,2283.137900395994,11142.070656046913,0.20491145415209805
UGA,ARE,18170.876333382865,1436.263652107197,7169.6292732283855,0.20032606950407456
BFA,POL,60207.401092860346,2001.9691705059863,10054.582982867389,0.19911011465291625
ZMB,GHA,32787.69103714393,1511.1323295331417,7904.697712780198,0.1911688953127158
ZWE,DEU,38191.92207822269,2588.942564982322,13746.88888409951,0.1883293439562788
ETH,COG,41674.53180402531,1370.1425970109178,7315.24534186789,0.1872996096479606
ETH,COD,181256.35762359208,1302.9258574387648,7021.856810386727,0.1855528947146113
MLI,SGP,15221.527039783161,3513.036667230988,19058.140422145607,0.184332604830051
ETH,ARE,37341.936296504726,946.9475883634021,5284.320621312589,0.1791994953039369
UGA,SWE,59455.69894218725,2049.203292930726,12212.059837038689,0.1678016092515019
NER,SWE,20220.654176030836,1776.3711234324778,10703.927049245427,0.1659550850131871
TCD,ARE,10375.692651947664,1517.79268503206,9262.324947710918,0.16386735442780656
MLI,FRA,102482.96286837263,1533.3164535968933,9537.602728370253,0.16076539328231174
ETH,NGA,1032807.2888049462,960.9348750419309,7006.375958454056,0.13715148612349937
ETH,SWE,125934.40667374416,1350.9394938973205,9852.959479131998,0.13711002229924246
